Sort,Fed,Name,Rating,Games,Result,Moves,CPL,MM,Sort score,"Analysis "
1,,RickHfstz 09,991,1,0,7,20,86,66,Level A
2,,nokto 09,1071,1,1,4,9,75,66,Level A
3,,asewasew 09,1081,1,1,5,15,80,65,Level A
4,,Bodegroes 08,1016,16,4,5,9,60,51,Level A
5,,yuyoyu 09,1001,1,1,21,13,62,49,Level C
6,,franzmatthew 09,1146,1,1,3,19,67,48,Level A
7,,Ribereno 09,1167,2,2,3,21,67,46,Level A
8,,MrWannaB 09,942,1,1,6,30,67,37,Level A
9,,LarryLido 08,1023,1,0,4,14,50,36,Level A
10,,psychodiez 08,1034,1,1,8,42,75,33,Level A
11,,oyvindhh 08,956,1,1,3,35,67,32,Level A
12,,yoyojim 09,1043,1,1,9,25,56,31,Level A
13,,BlindOsaridSaris 09,973,1,1,3,37,67,30,Level A
14,,wbartlett 09,1059,1,1,4,49,75,26,Level A
15,,TheMightyOne 08,916,2,2,11,47,73,26,Level B
16,,pawndering 08,1079,1,1,2,24,50,26,Level A
17,,VPD 09,1015,1,0,2,27,50,23,Level A
18,,kylekyle 09,1033,2,2,4,53,75,22,Level A
19,,LUPULEAC 09,984,1,1,6,45,67,22,Level A
20,,Rules 08,1066,1,1,10,31,50,19,Level B
21,,remotoots 09,970,1,1,9,38,56,18,Level A
22,,MuhammadNathan 09,1045,1,1,4,32,50,18,Level A
23,,TiredofLosing 08,1013,1,1,29,30,48,18,Level C
24,,MikeTheMaverick 09,1039,1,1,5,63,80,17,Level A
25,,adnjrw 09,811,1,0,10,55,70,15,Level B
26,,preux 08,935,1,1,13,39,54,15,Level B
27,,Yumster 09,922,1,1,7,60,71,11,Level A
28,,Belane 08,1043,1,1,16,45,56,11,Level B
29,,ItsMeOne 08,944,1,0,2,39,50,11,Level A
30,,slaferry 09,1170,1,1,2,39,50,11,Level A
31,,phactpatterns 08,1021,1,1,3,57,67,10,Level B
32,,OBAMAnyofacebitch 09,1131,1,1,6,41,50,9,Level A
33,,Mikemm 09,1040,3,3,6,59,67,8,Level A
34,,Tremeoc 08,1121,1,1,6,62,67,5,Level A
35,,EverythingIsTaken 08,1001,1,1,8,58,63,5,Level A
36,,CharlesCornner 08,1072,1,1,9,40,44,4,Level A
37,,TheRedHood 08,1141,1,1,7,39,43,4,Level A
38,,Jacknottheripper 08,1117,2,1,13,43,46,3,Level B
39,,wangzhewudi 08,1065,1,1,9,56,56,0,Level B
40,,kakenrni 09,977,1,1,4,50,50,0,Level B
41,,zaruda 08,976,1,0.5,50,18,16,-2,Level D
42,,musick 09,1112,2,1,4,53,50,-3,Level A
43,,drunkindurham 09,1264,1,1,9,48,44,-4,Level A
44,,SameerMalik 09,1047,1,1,8,55,50,-5,Level A
45,,Acdtume 09,1222,1,1,12,47,42,-5,Level B
46,,jpjcalculator 09,1006,2,1,8,45,38,-7,Level A
47,,josephkain 08,1026,1,1,6,40,33,-7,Level A
48,,Kloth 09,987,3,3,39,62,54,-8,Level C
49,,TRADICIONAL 09,1121,1,1,10,58,50,-8,Level B
50,,GodsWrath 09,1006,1,1,12,69,58,-11,Level B
51,,woodpuscher 09,1064,2,2,12,54,42,-12,Level A
52,,acmauroe 09,909,1,1,23,51,39,-12,Level B
53,,nibbio 08,1036,1,1,8,77,63,-14,Level A
54,,emorej 08,995,2,2,36,56,42,-14,Level B
55,,theridge 08,932,1,1,4,65,50,-15,Level A
56,,krugarius 08,892,1,1,8,65,50,-15,Level A
57,,Oscoap 08,979,1,1,9,59,44,-15,Level B
58,,attilanino 08,959,1,1,12,75,58,-17,Level B
59,,MartyMcFlyyy 09,1072,1,0,9,61,44,-17,Level A
60,,Bottledwater 08,1132,2,1.5,48,53,35,-18,Level A
61,,redtube 08,1073,1,1,18,50,28,-22,Level B
62,,gilandrew 9-9,835,1,1,2,22,0,-22,Level A
63,,darkkknight 08,1080,1,1,4,98,75,-23,Level A
64,,Miggidy 09,1158,1,1,8,86,63,-23,Level A
65,,ValerianSimon 08,1155,1,1,9,79,56,-23,Level A
66,,lhoward 09,1075,2,2,24,56,33,-23,Level B
67,,JTKhouw 09,949,1,1,9,80,56,-24,Level A
68,,dylanfanatic 08,1066,2,2,11,60,36,-24,Level B
69,,homiemackdaddy 09,1074,1,1,1,24,0,-24,Level A
70,,Sebbel 09,921,5,4,83,68,43,-25,Level B
71,,AndyKG 08,924,1,1,15,52,27,-25,Level B
72,,genekhayyam 09,1082,2,1,6,76,50,-26,Level A
73,,Deltaprism 09,1059,5,4,52,85,58,-27,Level D
74,,ddurden 08,1149,1,1,7,84,57,-27,Level A
75,,Sebbel 08,839,4,3,60,80,52,-28,Level C
76,,markssixtyfour 08,1105,8,8,43,78,49,-29,Level B
77,,KoalieAwe 09,1009,1,0,25,65,36,-29,Level B
78,,staljin 09,971,2,1.5,33,88,58,-30,Level C
79,,BadfishToo 09,874,3,3,16,80,50,-30,Level B
80,,spiritswords 09,970,3,2,82,78,48,-30,Level C
81,,ohaighain 09,1021,1,1,12,63,33,-30,Level A
82,,zenmate 08,1056,1,0,5,50,20,-30,Level A
83,,byronjmilhall 09,980,1,1,12,64,33,-31,Level B
84,,StarAsia 09,982,1,1,21,64,33,-31,Level A
85,,Girdot 08,993,1,1,16,56,25,-31,Level A
86,,privateschultz 08,1096,1,0.5,43,76,44,-32,Level B
87,,SunRaphi 09,995,1,1,25,76,44,-32,Level A
88,,yaroshan 09,1014,7,4,11,68,36,-32,Level A
89,,sambang 08,1041,1,1,6,65,33,-32,Level A
90,,lepomis 09,953,1,1,22,55,23,-32,Level B
91,,drinkingwater 09,1029,1,1,28,76,43,-33,Level B
92,,MikiD 09,961,2,2,13,71,38,-33,Level A
93,,fmacmpua 09,866,5,5,1,33,0,-33,Level A
94,,josoma 08,1048,2,2,10,84,50,-34,Level B
95,,Giully 09,1047,3,3,20,79,45,-34,Level B
96,,timeToLive 09,1077,1,1,14,56,21,-35,Level A
97,,AlfredJ 09,1032,3,3,29,84,48,-36,Level B
98,,alderius 08,1051,1,0,6,69,33,-36,Level A
99,,Nebri 09,919,4,4,29,96,59,-37,Level C
100,,mbbane 08,949,2,1,15,77,40,-37,Level A
101,,JohnWinthrop 09,1172,1,1,13,69,31,-38,Level A
102,,luoyun 09,864,2,0,43,81,42,-39,Level A
103,,JHLD 09,1050,5,4.5,36,87,47,-40,Level B
104,,munon 09,993,1,1,44,76,36,-40,Level A
105,,mattbarber 08,1054,1,1,3,74,33,-41,Level A
106,,TylerTheWimp 09,910,1,1,20,82,40,-42,Level A
107,,auglaize 09,967,2,2,15,75,33,-42,Level A
108,,zuugor 09,1062,2,2,12,85,42,-43,Level A
109,,topherpalmtree 09,900,5,2,36,88,44,-44,Level B
110,,viaaurea 08,915,1,1,27,85,41,-44,Level A
111,,karcal 08,1019,1,1,5,84,40,-44,Level A
112,,dickdale 08,982,1,1,18,77,33,-44,Level A
113,,Zangzu 09,1238,1,1,1,44,0,-44,Level A
114,,BranimirM 08,1072,1,1,10,95,50,-45,Level B
115,,Borgohain 09,1112,1,0,11,81,36,-45,Level A
116,,pedrosc 08,991,3,3,60,78,33,-45,Level A
117,,haraldr 08,1053,2,2,11,111,64,-47,Level B
118,,HeideUndPeter 09,989,1,1,2,97,50,-47,Level A
119,,grsshppr 08,854,1,1,31,86,39,-47,Level C
120,,Vosman 09,1197,2,1.5,10,77,30,-47,Level A
121,,Ickis 09,1007,1,1,23,92,44,-48,Level A
122,,Shurka 09,1167,1,1,13,103,54,-49,Level B
123,,sammyblade 09,1031,1,1,10,99,50,-49,Level B
124,,ArtexHarimau 08,1032,1,1,18,93,44,-49,Level B
125,,churrcuz 09,1015,1,1,54,90,41,-49,Level B
126,,Imbolt 08,1153,1,1,33,88,39,-49,Level B
127,,FranckFabozi 08,1146,2,2,22,81,32,-49,Level A
128,,arcticnegro 08,1080,1,0,6,117,67,-50,Level A
129,,smoliostroda 09,954,1,1,2,100,50,-50,Level A
130,,vannman 09,1093,2,2,5,90,40,-50,Level A
131,,PBLegion 08,919,1,1,8,75,25,-50,Level A
132,,thewingedweasel 08,1010,1,0,17,92,41,-51,Level A
133,,LisbonNightTrain 09,967,2,2,45,84,33,-51,Level A
134,,wumblebumble 08,1015,1,1,5,112,60,-52,Level A
135,,blackknightwa 09,1025,1,1,11,88,36,-52,Level A
136,,thebigmac 09,999,1,1,10,93,40,-53,Level B
137,,bellumnonpax 08,998,2,2,10,83,30,-53,Level A
138,,JooBoo 09,967,4,2,24,101,46,-55,Level C
139,,rseymoure 09,1063,1,0,21,98,43,-55,Level B
140,,woohoooo 09,1072,3,0,2,106,50,-56,Level A
141,,jkkcole 08,1040,5,3,28,99,43,-56,Level A
142,,danielbmarques 09,1093,1,1,14,92,36,-56,Level A
143,,bandicot 09,1045,2,2,3,89,33,-56,Level A
144,,SimSima 09,962,1,1,21,114,57,-57,Level C
145,,ephraimhanks 08,1008,1,1,4,107,50,-57,Level B
146,,Puscifer 09,994,1,0,30,107,50,-57,Level C
147,,smittyohtwohund 08,891,1,0.5,41,101,44,-57,Level B
148,,gforced 09,926,3,2,76,99,42,-57,Level B
149,,RangoBango 09,1002,1,1,26,88,31,-57,Level B
150,,Shridaren 09,1005,1,1,8,82,25,-57,Level A
151,,LzVandy 09,1062,1,1,8,121,63,-58,Level A
152,,Kurkospede 08,1144,1,1,8,108,50,-58,Level B
153,,mariusmattheus 09,1111,5,5,38,100,42,-58,Level B
154,,hamstartype 08,1212,1,1,19,100,42,-58,Level A
155,,ticetice 08,985,1,1,6,91,33,-58,Level A
156,,rsrdjan 09,999,1,1,15,85,27,-58,Level A
157,,ACGD 09,888,2,1,3,127,67,-60,Level A
158,,MCalkins 08,991,3,2,119,103,43,-60,Level A
159,,plumbo 08,964,2,1,47,103,43,-60,Level B
160,,Cofiez 09,1061,2,2,19,97,37,-60,Level A
161,,mrdigital 09,1177,3,3,9,93,33,-60,Level A
162,,gasparegg 09,1052,1,1,31,100,39,-61,Level A
163,,ScottJoplin 08,1113,2,2,42,97,36,-61,Level A
164,,SumitNarayan 08,946,3,2.5,45,106,44,-62,Level B
165,,michaelhu 09,1158,2,2,24,100,37,-63,Level A
166,,madcardinal 08,873,1,1,17,92,29,-63,Level A
167,,BlindOsaridSaris 08,1023,1,0,24,88,25,-63,Level A
168,,IWON 09,1016,1,1,40,112,48,-64,Level B
169,,TonyHappyChess 09,1107,1,1,10,104,40,-64,Level A
170,,SkietSkijf 08,1056,2,2,11,120,55,-65,Level B
171,,MrPresto 08,1021,1,0,28,111,46,-65,Level C
172,,DikkenPierre 09,1039,1,1,9,109,44,-65,Level A
173,,Xbozo 09,1009,2,2,19,124,58,-66,Level B
174,,wilz 09,886,1,1,6,116,50,-66,Level A
175,,buddhajuke 08,1030,1,1,15,106,40,-66,Level A
176,,Scrios 08,1021,1,1,8,104,38,-66,Level A
177,,DeathKnights 09,951,1,1,20,101,35,-66,Level A
178,,BurtForFun 08,1122,1,1,9,99,33,-66,Level A
179,,MalcaReborn 08,867,4,2.5,103,106,38,-68,Level A
180,,Kotimatka 09,943,2,2,22,104,36,-68,Level A
181,,direita 08,1044,2,1,20,103,35,-68,Level A
182,,mjcsjo 08,1043,3,1.5,95,103,35,-68,Level A
183,,lashaberulava 09,1011,2,1,22,91,23,-68,Level A
184,,Kayode 08,943,1,1,19,122,53,-69,Level B
185,,Xreichel 08,1080,1,1,2,119,50,-69,Level A
186,,KimN 08,1154,1,0,10,109,40,-69,Level A
187,,Checkonetwo 08,1094,4,3,13,107,38,-69,Level B
188,,Society 08,1056,1,1,16,107,38,-69,Level A
189,,Rhizy 09,874,2,2,38,106,37,-69,Level A
190,,scygrav 08,939,2,1,21,98,29,-69,Level A
191,,stephenbyers 09,1051,1,1,4,94,25,-69,Level A
192,,DaveMiddled 09,853,2,2,19,112,42,-70,Level A
193,,santai 08,1132,4,2,40,110,40,-70,Level A
194,,Thantos 09,1141,1,0.5,8,108,38,-70,Level A
195,,tramontane 09,1003,1,1,22,106,36,-70,Level A
196,,GaKK 09,996,3,1,41,104,34,-70,Level B
197,,beverlyframingham 09,1095,1,1,15,131,60,-71,Level B
198,,aixrad 09,939,2,2,10,111,40,-71,Level A
199,,CaptainAhab 9-9,826,1,1,7,129,57,-72,Level A
200,,WillByron 09,1128,2,2,29,117,45,-72,Level B
201,,gameplan 09,1143,1,1,9,116,44,-72,Level A
202,,TheTrooper 08,888,1,0.5,50,108,36,-72,Level A
203,,mray 08,1052,3,3,38,118,45,-73,Level B
204,,egidio 09,1040,2,2,9,117,44,-73,Level A
205,,Zleeper 08,1097,2,1,8,86,13,-73,Level A
206,,bcoffield 08,908,1,1,6,124,50,-74,Level A
207,,sterum 09,1124,3,3,54,111,37,-74,Level A
208,,huzar 08,985,7,4,204,109,35,-74,Level A
209,,heychee 08,961,2,1.5,51,109,35,-74,Level A
210,,dadop 09,1254,1,1,6,125,50,-75,Level A
211,,plumbo 09,908,2,1,47,118,43,-75,Level B
212,,JohntheChristian 09,1014,3,2.5,26,110,35,-75,Level A
213,,PlainsDrifter 08,961,2,1,35,109,34,-75,Level A
214,,tdalex 09,1099,3,2,32,106,31,-75,Level A
215,,JabZ 09,927,1,0,20,100,25,-75,Level B
216,,Nicdog 08,1108,1,1,34,117,41,-76,Level B
217,,Ghirlando 08,934,1,0,10,116,40,-76,Level A
218,,sammakkon 09,1029,2,1,27,113,37,-76,Level A
219,,krishnak 09,1128,1,1,51,109,33,-76,Level A
220,,Stonehouse 09,1243,1,1,3,76,0,-76,Level A
221,,PakRT 08,1046,1,1,1,76,0,-76,Level A
222,,notrightnow 09,993,1,1,4,128,50,-78,Level A
223,,brainllama 09,983,2,0,15,118,40,-78,Level A
224,,phuziOn 09,965,1,1,13,117,39,-78,Level A
225,,Livvy 08,1077,2,1.5,6,111,33,-78,Level A
226,,mAsTERpEE 08,939,1,1,12,111,33,-78,Level A
227,,dewie 08,1011,3,0.5,56,115,36,-79,Level A
228,,metallichristian 08,848,2,2,6,112,33,-79,Level A
229,,dukemono 08,1075,1,1,7,93,14,-79,Level A
230,,wildbeal 09,989,1,1,21,128,48,-80,Level B
231,,powerfail 09,994,3,2.5,53,120,40,-80,Level A
232,,bluetac 09,985,1,0,23,115,35,-80,Level A
233,,rafaelpadua 09,985,1,0.5,32,119,38,-81,Level A
234,,Hosed 09,1055,6,4.5,74,116,35,-81,Level A
235,,LAMPON 08,1111,1,0,3,114,33,-81,Level A
236,,thotthescribe 09,1097,1,1,9,114,33,-81,Level A
237,,AndyYuk 09,935,1,1,7,139,57,-82,Level A
238,,VOnegin 08,933,1,1,6,99,17,-82,Level A
239,,louieshao 08,906,3,1,22,124,41,-83,Level B
240,,bigtruckrida 09,1032,1,1,2,134,50,-84,Level A
241,,lazysusan 08,999,1,1,31,123,39,-84,Level A
242,,Turbotank 08,937,1,1,33,117,33,-84,Level A
243,,JaysonE 09,1052,1,1,31,133,48,-85,Level C
244,,Uncrowned 08,992,1,0,18,129,44,-85,Level A
245,,Shatranzi 08,988,1,1,36,124,39,-85,Level A
246,,milehicheckmater 08,994,1,1,9,107,22,-85,Level A
247,,themoor 08,1103,2,2,13,124,38,-86,Level A
248,,Koerdis 09,1095,1,1,19,123,37,-86,Level A
249,,Buildingwings 09,1118,2,2,16,117,31,-86,Level A
250,,deermaster 08,1159,1,1,6,103,17,-86,Level A
251,,Marcvz 09,1168,2,2,15,134,47,-87,Level B
252,,skix 08,1125,1,0,32,131,44,-87,Level C
253,,geodezu 09,980,2,1.5,45,125,38,-87,Level A
254,,Naym 09,863,2,1,68,118,31,-87,Level A
255,,kyleelhs 08,946,1,1,3,87,0,-87,Level A
256,,Birgie 9-9,822,1,1,10,118,30,-88,Level B
257,,madPhysicist 08,1150,1,1,10,108,20,-88,Level A
258,,sanavabitch 08,1049,1,1,25,121,32,-89,Level A
259,,mathspriyanka 09,1060,1,0,28,121,32,-89,Level A
260,,Nifteind 09,979,1,0.5,13,120,31,-89,Level B
261,,Psao 09,954,1,1,7,103,14,-89,Level A
262,,YVN 08,1039,1,0,9,100,11,-89,Level A
263,,jubilado 09,874,1,1,13,129,39,-90,Level A
264,,ziglag 09,1184,2,2,14,119,29,-90,Level A
265,,FFDunn 09,1051,1,1,14,119,29,-90,Level A
266,,Kyobutungi 08,1072,1,1,27,116,26,-90,Level A
267,,azertyman 08,1127,1,1,25,135,44,-91,Level A
268,,DHamm 08,1051,12,6.5,176,125,34,-91,Level A
269,,hedgardo 09,1052,6,5.5,24,124,33,-91,Level A
270,,jabziii 09,1087,4,2,15,124,33,-91,Level A
271,,mbranimir 08,966,4,2,40,121,30,-91,Level A
272,,maramures 09,1010,3,3,44,121,30,-91,Level A
273,,RationalSkeptik 09,991,2,2,7,120,29,-91,Level A
274,,kebax 09,1128,2,2,8,104,13,-91,Level A
275,,bangs 08,1035,4,3.5,104,129,37,-92,Level A
276,,ogbornd 08,1115,1,1,18,125,33,-92,Level A
277,,Dreamlight 09,1048,1,1,9,125,33,-92,Level A
278,,lesane 08,1068,1,1,13,123,31,-92,Level A
279,,WoodyMac 09,893,2,1,16,117,25,-92,Level A
280,,SmashBrosBrawl 09,1112,2,2,16,117,25,-92,Level A
281,,FMH 09,1115,1,1,10,102,10,-92,Level A
282,,TastyTreatForKids 08,888,1,1,25,137,44,-93,Level B
283,,ChrisBeginner 08,906,8,3.5,189,134,41,-93,Level A
284,,seanwickham 08,881,6,3,62,128,35,-93,Level A
285,,Akio 09,967,4,1.5,79,127,34,-93,Level B
286,,subramanyamn 08,928,1,1,5,113,20,-93,Level A
287,,robocoop 09,1048,1,1,6,110,17,-93,Level A
288,,Afjaks 08,990,3,3,10,124,30,-94,Level A
289,,bhAmco 08,890,1,0,5,114,20,-94,Level A
290,,tedmartini 08,967,1,0,4,94,0,-94,Level B
291,,maggiedog 09,1057,1,1,4,145,50,-95,Level A
292,,Gabimo 08,931,1,1,13,141,46,-95,Level B
293,,cazzimeo 08,968,1,0,32,136,41,-95,Level A
294,,jokersplay 08,1058,1,0,10,166,70,-96,Level B
295,,Ekwalyzer 08,1076,2,1,9,152,56,-96,Level A
296,,teihlard 09,1041,1,1,5,136,40,-96,Level A
297,,Alphacentury 09,1155,4,3.5,18,135,39,-96,Level A
298,,Raicore 08,987,1,1,30,133,37,-96,Level B
299,,ZDIP 08,928,2,0,16,121,25,-96,Level A
300,,SunRaphi 08,984,1,1,9,118,22,-96,Level A
301,,treezen 09,998,3,0.5,89,127,30,-97,Level A
302,,melmothX 08,989,2,2,40,124,27,-97,Level A
303,,nelb 08,959,3,2,76,123,26,-97,Level A
304,,HerveRenault 08,1025,2,1,29,139,41,-98,Level A
305,,oldchessbook 08,1006,5,5,114,139,41,-98,Level A
306,,Operatics 09,1071,3,3,20,138,40,-98,Level A
307,,OrionsDog 09,927,1,1,10,108,10,-98,Level A
308,,Phye 09,1008,3,2,43,139,40,-99,Level A
309,,KaiserPawn 08,941,3,1,56,137,38,-99,Level A
310,,Caledonian 09,817,1,0,16,138,38,-100,Level B
311,,hmmy 08,1097,1,1,19,137,37,-100,Level A
312,,mupdegrove 09,1093,2,2,16,131,31,-100,Level A
313,,achieve 09,1067,1,1,10,141,40,-101,Level A
314,,noncsi 08,919,7,4.5,164,136,35,-101,Level B
315,,karpovasparov 09,1013,5,1,77,133,32,-101,Level A
316,,DJJDev 08,1097,1,1,1,101,0,-101,Level A
317,,Atlante 09,1026,1,1,1,101,0,-101,Level A
318,,drinkwater 08,1013,3,1,34,141,38,-103,Level A
319,,Jackiw 08,1090,2,1,69,141,38,-103,Level A
320,,sneakypawn 08,900,1,1,26,134,31,-103,Level A
321,,nnoah 08,1053,5,4.5,73,133,30,-103,Level A
322,,luizaquino 08,1012,1,1,5,123,20,-103,Level B
323,,Sinickas 09,973,1,0,16,122,19,-103,Level B
324,,adamfg 08,861,1,1,12,111,8,-103,Level A
325,,samoancharger 09,1081,13,13,144,146,42,-104,Level B
326,,nabisko 09,1051,1,1,11,140,36,-104,Level A
327,,karilo 08,1124,1,1,44,138,34,-104,Level A
328,,DaydreamXXI 09,977,2,0,37,128,24,-104,Level A
329,,Krikke 08,995,9,7,120,144,39,-105,Level A
330,,louiswei 08,1008,10,5,150,137,32,-105,Level A
331,,Gleelee 09,1208,1,1,42,136,31,-105,Level A
332,,finestcuts 09,950,1,0,19,131,26,-105,Level B
333,,catfu 09,1086,5,5,68,147,41,-106,Level A
334,,jpirie 09,1059,3,3,17,141,35,-106,Level A
335,,booxey 08,1116,1,1,23,141,35,-106,Level A
336,,CreEighteenDrama 09,1105,2,1,4,157,50,-107,Level A
337,,schnookLberry 09,936,1,0,10,147,40,-107,Level A
338,,SundanceKidIN 09,1059,2,2,14,143,36,-107,Level A
339,,chagf 09,994,10,8.5,67,140,33,-107,Level A
340,,Zouzounitsa 09,1248,1,1,3,107,0,-107,Level A
341,,LeyZ 09,1013,3,1,29,149,41,-108,Level B
342,,pumpbuster 08,1148,10,6,145,145,37,-108,Level A
343,,lacceroswaldo 09,1060,1,1,25,140,32,-108,Level B
344,,JabZ 08,992,12,6,96,145,36,-109,Level A
345,,hailu 09,939,7,5,98,144,35,-109,Level B
346,,xSnakex 09,843,1,0,12,142,33,-109,Level A
347,,GMenBigBlue 09,1015,8,1,42,140,31,-109,Level A
348,,bluepen 09,997,2,0,37,140,30,-110,Level A
349,,SeanMohsin 09,889,1,0,14,131,21,-110,Level A
350,,Drewan 09,810,4,2,22,152,41,-111,Level A
351,,StanGetz 08,1074,1,1,38,151,40,-111,Level A
352,,sisohristov 09,1127,1,1,5,151,40,-111,Level A
353,,jinbu 08,867,5,2,74,141,30,-111,Level A
354,,SassySasha 09,1039,5,5,34,140,29,-111,Level A
355,,Temppeliaukio 08,1019,15,7,184,139,28,-111,Level A
356,,Mladenovic 08,977,1,1,13,151,39,-112,Level A
357,,owzat 08,836,2,0,64,143,31,-112,Level A
358,,bigdawgdude 08,1043,2,2,7,141,29,-112,Level A
359,,giospoto 08,1036,1,0,6,163,50,-113,Level A
360,,jiamenguk 09,1115,1,1,5,153,40,-113,Level A
361,,breachy 08,932,1,0,23,152,39,-113,Level A
362,,henrikx 08,1027,1,1,13,144,31,-113,Level A
363,,uberkind 08,977,3,3,53,141,28,-113,Level A
364,,badsilva 08,1010,1,1,18,141,28,-113,Level A
365,,Aydo 08,1081,2,1,11,131,18,-113,Level B
366,,sakarauka 08,1072,7,4,61,155,41,-114,Level B
367,,jywhe 08,967,1,1,10,144,30,-114,Level A
368,,kampycss 08,978,1,1,12,139,25,-114,Level A
369,,Ravacholsixneuf 09,991,1,1,14,151,36,-115,Level A
370,,JEFFMHOW 09,945,4,3,73,149,34,-115,Level A
371,,Derbentli 08,933,8,5,45,148,33,-115,Level B
372,,vaportrail 08,1131,1,0,15,148,33,-115,Level A
373,,sandiren 09,1057,3,3,34,144,29,-115,Level A
374,,texasroots 09,967,1,1,25,139,24,-115,Level A
375,,kiwa 09,993,2,2,14,159,43,-116,Level A
376,,richsilver 09,1105,2,1,26,158,42,-116,Level A
377,,shaaaft 08,953,2,1,8,154,38,-116,Level A
378,,thestephanea 08,1096,3,3,27,138,22,-116,Level A
379,,DREZIO 09,876,1,1,29,152,35,-117,Level B
380,,dafics 09,1099,3,3,25,133,16,-117,Level A
381,,biplobibeginner 09,968,1,0,12,125,8,-117,Level A
382,,Tribune 08,956,2,2,31,157,39,-118,Level A
383,,SGTMAJUSMC 09,898,6,5,43,155,37,-118,Level A
384,,kiper 08,974,1,1,17,153,35,-118,Level A
385,,JAYDENBLANE 09,1119,11,11,102,149,31,-118,Level B
386,,GauiSig 08,1023,1,0,23,148,30,-118,Level A
387,,pets 09,1062,1,1,37,140,22,-118,Level A
388,,vannman 08,1104,2,2,36,158,39,-119,Level A
389,,AureA 09,1108,6,3,91,151,32,-119,Level B
390,,ScottieD 08,983,2,1,5,160,40,-120,Level A
391,,lynnyx 08,830,14,8.5,219,156,36,-120,Level A
392,,jcizzle 09,1096,2,2,9,153,33,-120,Level A
393,,karpovasparov 08,934,2,2,40,145,25,-120,Level A
394,,NobleBlade 08,947,1,0,10,140,20,-120,Level A
395,,JBChessPontchat 08,1006,3,1,91,152,31,-121,Level A
396,,paulfallet 08,873,1,0,25,149,28,-121,Level A
397,,jasperpalmer 08,1001,1,1,4,146,25,-121,Level A
398,,kreukels 08,977,3,1,42,145,24,-121,Level A
399,,happyelk 09,1066,2,2,38,145,24,-121,Level A
400,,ChrisAtkinson 08,940,1,1,17,151,29,-122,Level A
401,,Flupkes 09,1101,1,1,12,165,42,-123,Level A
402,,obamaworld 09,1047,2,0,8,161,38,-123,Level A
403,,NRking 09,1042,1,1,14,159,36,-123,Level A
404,,Waggaristo 09,1070,1,0,30,153,30,-123,Level A
405,,paulgrahi 08,1043,2,1,20,148,25,-123,Level A
406,,CaptainWooly 08,966,1,1,16,148,25,-123,Level A
407,,mflood 08,967,1,1,32,168,44,-124,Level A
408,,PieceMover 09,973,8,7,52,162,37,-125,Level A
409,,psychotronic 08,959,1,0,23,160,35,-125,Level A
410,,Noller 08,1126,1,0,12,150,25,-125,Level A
411,,procussionaire 09,1061,1,1,11,181,55,-126,Level B
412,,robbienorma 09,1080,2,1.5,29,167,41,-126,Level A
413,,jumpinggreenfrog 09,909,5,3,73,163,37,-126,Level A
414,,Philipck 08,954,2,1,47,162,36,-126,Level A
415,,vpma 09,845,3,2,44,160,34,-126,Level B
416,,ralexander 08,912,5,3,76,158,32,-126,Level A
417,,nirt 08,1144,1,0,13,157,31,-126,Level A
418,,ChessOwnU 09,884,5,2,21,155,29,-126,Level A
419,,stota 09,983,19,6.5,404,159,32,-127,Level A
420,,Cgrittz 09,1161,2,1.5,20,157,30,-127,Level A
421,,protoz 09,953,2,2,21,156,29,-127,Level A
422,,RichardJohnson 09,1058,14,13.5,123,154,27,-127,Level A
423,,Melvill 09,981,2,0,30,154,27,-127,Level A
424,,Nielow 08,1102,1,1,16,178,50,-128,Level B
425,,DeanMartin 09,1125,1,1,9,172,44,-128,Level B
426,,SexyTime 09,1084,5,4,18,161,33,-128,Level B
427,,ifalou 08,832,1,1,33,161,33,-128,Level A
428,,JohntheChristian 08,846,1,0,34,155,27,-128,Level B
429,,OxoCube 09,1066,1,1,40,153,25,-128,Level A
430,,charlestacda 09,1026,1,1,14,149,21,-128,Level A
431,,Tyzore 09,937,2,0.5,37,147,19,-128,Level A
432,,cesacsr 09,921,1,1,19,171,42,-129,Level A
433,,paderboots 09,923,10,5.5,97,167,38,-129,Level A
434,,drunkenmonkey 08,1004,1,1,20,164,35,-129,Level A
435,,Androidkenny 08,1032,1,0,11,156,27,-129,Level A
436,,DoctorTommy 08,960,1,1,5,170,40,-130,Level A
437,,gilandrew 09,898,2,0.5,57,155,25,-130,Level A
438,,indbug 09,956,2,0.5,36,170,39,-131,Level C
439,,sevenohnine 08,1069,3,3,43,164,33,-131,Level A
440,,elpascoe 09,963,4,3,25,168,36,-132,Level A
441,,thebrickwall 08,1004,19,10,259,170,37,-133,Level B
442,,paperchasdvincent 08,964,8,5.5,131,166,33,-133,Level A
443,,AnotherPawn 08,1170,1,1,7,147,14,-133,Level A
444,,OSZCAR 09,1003,3,2.5,68,172,37,-135,Level A
445,,robertpmntr 09,955,9,5,193,165,30,-135,Level A
446,,Stoc 08,927,1,1,1,135,0,-135,Level A
447,,Intactive 08,994,6,1,86,173,37,-136,Level A
448,,lpalossy 08,955,2,2,25,172,36,-136,Level B
449,,zEviscerator 09,955,1,1,22,172,36,-136,Level A
450,,Lucanus 08,1033,3,2,74,170,34,-136,Level A
451,,MXseptimus 08,882,6,3.5,81,166,30,-136,Level A
452,,tomecki 09,836,3,1,37,166,30,-136,Level A
453,,Sirenus 09,885,4,3,53,164,28,-136,Level A
454,,kardsplz 09,994,3,0,81,163,27,-136,Level A
455,,fektija 09,1020,3,2,47,162,26,-136,Level A
456,,jkkcole 09,986,5,3.5,32,161,25,-136,Level A
457,,Marcellov 08,948,1,0,18,158,22,-136,Level A
458,,Astronomas 09,917,2,1,24,157,21,-136,Level A
459,,kfrumDABAY 08,939,4,2.5,29,171,34,-137,Level B
460,,petsocietyrocks 09,1249,5,3.5,127,168,31,-137,Level A
461,,krishnak 08,922,4,3,50,168,30,-138,Level A
462,,Drvanger 09,1024,2,1,50,166,28,-138,Level A
463,,tigerblue 09,1139,29,27.5,238,161,23,-138,Level A
464,,ElevatorJoe 09,1024,16,13,175,176,37,-139,Level A
465,,sigggih 09,1123,5,3,61,175,36,-139,Level A
466,,Xoppo 09,969,12,8,66,172,33,-139,Level B
467,,Beerbong 09,932,3,1,49,170,31,-139,Level A
468,,calexander 08,1065,24,9,394,169,30,-139,Level A
469,,jdlibbey 08,901,2,1,23,169,30,-139,Level A
470,,nryan 08,977,3,1,34,168,29,-139,Level A
471,,Minkowsky 09,1069,1,1,9,161,22,-139,Level A
472,,yanfen 09,994,1,1,9,161,22,-139,Level A
473,,Sagi 09,1051,1,1,14,190,50,-140,Level B
474,,tomerzarfaty 08,1056,2,1,60,177,37,-140,Level A
475,,JamesJohnson 09,1236,1,1,6,157,17,-140,Level A
476,,Dwaiosez 08,945,1,1,35,176,34,-142,Level A
477,,arcarsenal 08,1153,1,1,15,169,27,-142,Level A
478,,SecondQueen 09,1060,5,5,42,168,26,-142,Level A
479,,CHIMOL 09,1005,5,1,27,168,26,-142,Level A
480,,franzgabo 09,923,4,0,39,176,33,-143,Level A
481,,russkime 09,1012,2,0,24,168,25,-143,Level B
482,,PinkClimax 08,977,1,0,11,190,46,-144,Level B
483,,Erlanson 08,1086,1,1,8,182,38,-144,Level A
484,,civiliansoldier 08,902,1,1,18,177,33,-144,Level A
485,,holmesianman 09,1018,3,2,42,175,31,-144,Level A
486,,elfrieda 09,1092,5,3,39,175,31,-144,Level A
487,,xXxghostxXx 09,987,1,0,10,174,30,-144,Level A
488,,dadikuki 09,930,1,0,24,161,17,-144,Level A
489,,Scumm 08,929,2,0,19,182,37,-145,Level A
490,,reframed 09,909,6,2,110,180,35,-145,Level A
491,,ktinfl 9-9,866,1,1,10,165,20,-145,Level A
492,,checkmatenik 09,1054,2,1.5,9,156,11,-145,Level A
493,,jewhouse 09,1001,1,1,8,184,38,-146,Level A
494,,BayDragoy 08,910,1,0,20,181,35,-146,Level B
495,,praxodes 09,982,2,2,66,179,33,-146,Level A
496,,Lucidity 08,869,1,0,20,171,25,-146,Level A
497,,JSGill 08,951,1,1,24,167,21,-146,Level A
498,,aitmedallal 08,1013,1,0,5,146,0,-146,Level A
499,,soffan 09,1033,3,2,52,184,37,-147,Level A
500,,JScottDaBoss 08,1036,2,1,34,182,35,-147,Level A
501,,xuch 09,846,3,1,26,178,31,-147,Level A
502,,chaosmonger 09,1028,1,1,16,172,25,-147,Level A
503,,ashwinshivani 09,1005,7,4,88,171,24,-147,Level A
504,,JooBoo 08,997,7,5,46,169,22,-147,Level A
505,,Anishpatel 09,959,2,0,3,147,0,-147,Level A
506,,JonEG 08,844,1,1,20,183,35,-148,Level A
507,,Fukiyama 09,834,21,14,302,177,29,-148,Level A
508,,Caledonian 08,853,1,0,51,162,14,-148,Level A
509,,Shagmaster 9-9,712,1,0,11,195,46,-149,Level B
510,,PLUGZ 09,988,4,1,39,180,31,-149,Level A
511,,lapppi 08,1090,2,1,10,179,30,-149,Level A
512,,antharas 09,1082,15,10,185,178,29,-149,Level A
513,,Birgie 08,1011,4,1,94,176,27,-149,Level A
514,,sarabande 09,1131,1,1,5,190,40,-150,Level A
515,,andrejas 09,969,12,9,174,186,36,-150,Level A
516,,borovo 09,1027,16,8.5,303,181,31,-150,Level B
517,,AmpedAl 09,989,3,2,15,177,27,-150,Level A
518,,biondy 09,1019,3,1,58,176,26,-150,Level A
519,,Staindone 08,1026,1,1,9,172,22,-150,Level A
520,,THEREALVONBLUVENS 08,936,1,1,6,184,33,-151,Level A
521,,MrFrogees 09,1108,1,1,12,184,33,-151,Level A
522,,Melkzedech 09,1119,1,1,19,183,32,-151,Level A
523,,mcco 09,1003,1,0,22,183,32,-151,Level A
524,,Oriontwelve 08,1033,1,0.5,26,182,31,-151,Level A
525,,Xillion 09,909,2,1,16,176,25,-151,Level A
526,,mrfriday 9-9,672,1,0,25,175,24,-151,Level A
527,,FaustArp 09,1109,2,2,12,168,17,-151,Level A
528,,Sokka 09,1027,2,2,29,190,38,-152,Level A
529,,ccf 09,1005,3,3,21,190,38,-152,Level B
530,,dhally 09,1152,2,1,13,190,38,-152,Level A
531,,raysfan 09,1069,7,5.5,51,183,31,-152,Level A
532,,bialyhetman 09,1184,2,2,24,181,29,-152,Level A
533,,pajac 09,952,1,1,13,160,8,-152,Level A
534,,lamell 09,814,3,0,13,160,8,-152,Level A
535,,Dszudszak 08,970,3,1,57,178,25,-153,Level A
536,,insanemew 09,1011,4,2,45,177,24,-153,Level A
537,,Volodymir 09,1102,2,2,24,174,21,-153,Level A
538,,Simplicus 08,1078,9,6,118,187,33,-154,Level A
539,,princy 08,952,4,2,34,186,32,-154,Level A
540,,MagicCube 09,949,2,1,19,186,32,-154,Level A
541,,SkyBrain 08,970,1,1,27,192,37,-155,Level A
542,,Deadache 09,1081,5,4,17,190,35,-155,Level A
543,,JackPacman 09,964,2,0,29,190,35,-155,Level A
544,,Dlegend 09,869,8,4,162,190,35,-155,Level B
545,,mipsparc 08,1027,86,52,1432,189,34,-155,Level A
546,,silverspruce 09,994,2,1,25,183,28,-155,Level A
547,,sangkyu 09,928,2,1,15,182,27,-155,Level A
548,,Gasparinho 09,1028,2,2,26,194,38,-156,Level A
549,,dtrasatti 08,878,2,0,22,192,36,-156,Level A
550,,Thorolas 09,924,1,1,32,187,31,-156,Level A
551,,ozslap 08,951,1,0,5,176,20,-156,Level A
552,,tomys 09,1054,2,2,11,174,18,-156,Level A
553,,golmman 09,1044,1,1,6,173,17,-156,Level A
554,,chessboyjazz 09,991,7,4.5,55,199,42,-157,Level B
555,,Fnorgmuffin 09,867,9,0,104,189,32,-157,Level A
556,,bigjturner 09,1048,3,2.5,45,181,24,-157,Level A
557,,BessieBoodle 09,933,1,0,21,176,19,-157,Level A
558,,Chrisasdf 08,1066,1,0,28,187,29,-158,Level A
559,,spiderz 09,1037,3,1.5,40,196,37,-159,Level A
560,,jacquesmoll 08,991,3,2,63,191,32,-159,Level A
561,,achieve 08,973,30,20,410,190,31,-159,Level A
562,,HeliosMax 09,955,8,4.5,161,189,30,-159,Level A
563,,paato 08,931,4,2,81,186,27,-159,Level A
564,,DINOCO 08,890,7,3.5,125,181,22,-159,Level A
565,,Daimonion 08,998,2,2,12,202,42,-160,Level A
566,,newscot 09,900,1,1,10,200,40,-160,Level A
567,,golmman 08,1077,2,0,9,193,33,-160,Level A
568,,HELENEMARIE 08,1186,1,1,15,187,27,-160,Level A
569,,moibeatle 08,864,6,3,79,182,22,-160,Level A
570,,drkris 08,991,3,0,38,178,18,-160,Level A
571,,luoyun 08,940,3,0,44,197,36,-161,Level B
572,,HammandClov 08,978,5,4,61,195,34,-161,Level A
573,,IanRedding 08,1141,1,0,22,193,32,-161,Level B
574,,PABOY 09,881,6,5.5,76,190,29,-161,Level A
575,,stabinandmoley 08,905,10,6,137,187,26,-161,Level A
576,,MossMan 9-9,655,1,0,4,186,25,-161,Level A
577,,gwhatever 09,942,2,0,50,185,24,-161,Level A
578,,deckedm 08,908,2,1,21,200,38,-162,Level A
579,,ziggylucy 08,1043,1,0,30,195,33,-162,Level A
580,,BeauDog 09,881,1,1,6,195,33,-162,Level B
581,,lukeex 09,1029,1,1,19,194,32,-162,Level B
582,,DEDEE 08,974,20,14,325,192,30,-162,Level A
583,,JForce 08,1056,5,2,20,182,20,-162,Level A
584,,sarduspater 09,1079,5,5,27,204,41,-163,Level A
585,,Kundeohmar 09,1008,18,4,172,195,32,-163,Level A
586,,scoroyale 09,851,6,2.5,89,193,30,-163,Level A
587,,mdxp 09,1006,3,2,43,193,30,-163,Level A
588,,Nopolis 09,855,5,2,90,192,29,-163,Level B
589,,sexyricanlady 09,1012,2,2,21,187,24,-163,Level A
590,,rayizmi 08,867,1,0,19,196,32,-164,Level B
591,,kwe 08,1012,3,3,27,206,41,-165,Level B
592,,Benly 09,865,5,2,65,196,31,-165,Level A
593,,dockson 08,917,2,0,31,191,26,-165,Level A
594,,ToomuchforUtoo 09,1009,3,2,38,186,21,-165,Level A
595,,skiparooni 09,1059,1,0,31,205,39,-166,Level B
596,,mergall 09,982,13,8,120,199,33,-166,Level B
597,,nicksun 09,995,9,6,112,194,28,-166,Level A
598,,noncsi 09,920,2,2,22,180,14,-166,Level A
599,,xxxyyyxxx 08,947,1,1,9,177,11,-166,Level A
600,,ydankner 08,1092,1,1,31,209,42,-167,Level B
601,,Kkidplayer 09,971,6,3,67,207,40,-167,Level B
602,,chrisdill 08,844,1,0,13,198,31,-167,Level A
603,,Dicemice 09,1026,3,3,32,192,25,-167,Level A
604,,vascobimbo 08,950,3,3,8,206,38,-168,Level A
605,,kugatz 08,998,1,1,8,206,38,-168,Level B
606,,LDopa 09,1022,2,1,27,201,33,-168,Level A
607,,SAVAGEPLAYA 08,1109,1,1,27,198,30,-168,Level A
608,,chesseeka 09,1008,2,0,35,197,29,-168,Level A
609,,kkj 09,935,4,2.5,79,195,27,-168,Level A
610,,Peroble 08,1067,1,0.5,6,185,17,-168,Level A
611,,tamusachess 08,1190,2,2,6,202,33,-169,Level A
612,,TheDuster 09,952,8,5,54,195,26,-169,Level A
613,,lacceroswaldo 08,893,91,37,1562,202,32,-170,Level A
614,,azote 09,979,2,2,39,201,31,-170,Level A
615,,graystanley 09,898,2,0,18,181,11,-170,Level A
616,,sobecripa 08,896,1,0,11,207,36,-171,Level B
617,,francod 09,968,4,3,68,205,34,-171,Level A
618,,isntheaqt 08,854,9,3,151,199,28,-171,Level A
619,,Admirn 09,908,18,7,84,197,26,-171,Level A
620,,takatsugu 08,824,2,2,24,196,25,-171,Level A
621,,skydvr 08,1077,1,1,5,212,40,-172,Level A
622,,saturnine 08,864,3,1,39,203,31,-172,Level A
623,,amenophis 08,882,1,1,11,190,18,-172,Level A
624,,Langan 09,1085,1,0,8,185,13,-172,Level A
625,,jdchopra 09,875,14,8,163,206,33,-173,Level A
626,,pmineirov 09,918,4,4,31,205,32,-173,Level A
627,,Sawedoff 09,1093,2,2,11,173,0,-173,Level A
628,,aleksthegreat 08,1112,3,3,77,196,22,-174,Level A
629,,JohnWinthrop 08,960,10,4.5,82,207,32,-175,Level A
630,,EndlessWC 08,1007,2,2,69,201,26,-175,Level A
631,,ANDYTASTIC 09,990,22,13.5,228,201,26,-175,Level A
632,,onetwothreebob 08,1004,1,0,6,226,50,-176,Level A
633,,nicksun 08,904,22,10.5,318,206,30,-176,Level A
634,,smalldreams 09,1013,17,13,149,206,30,-176,Level A
635,,Vaudevillian 09,1054,1,0,16,201,25,-176,Level B
636,,BMANMILES 09,974,1,1,14,197,21,-176,Level A
637,,MaximilliannKidd 09,1056,1,1,22,194,18,-176,Level A
638,,jmgray 09,964,2,1,5,237,60,-177,Level A
639,,intellow 09,1024,31,10.5,453,204,27,-177,Level A
640,,shoving 08,971,3,0,28,195,18,-177,Level A
641,,drstu 08,920,1,0,15,211,33,-178,Level B
642,,bkpbkpbkpbkp 08,923,2,0,21,207,29,-178,Level A
643,,uberpao 09,1077,2,2,22,205,27,-178,Level A
644,,cyrdro 08,964,2,1,20,203,25,-178,Level A
645,,jmoon 09,907,2,0,13,210,31,-179,Level A
646,,tabbykt 08,987,14,7.5,216,205,26,-179,Level A
647,,Agenbite 9-9,679,1,0,8,204,25,-179,Level A
648,,cameronbra 08,1052,1,1,19,200,21,-179,Level B
649,,HogSlayer 09,923,1,0,17,221,41,-180,Level A
650,,herbkleiman 09,1075,3,3,20,220,40,-180,Level A
651,,kukuykuyk 09,1061,1,0,10,220,40,-180,Level A
652,,musick 08,868,3,2,36,208,28,-180,Level A
653,,phenin 08,919,1,0.5,43,203,23,-180,Level A
654,,msbillions 09,923,1,0,31,203,23,-180,Level A
655,,theonejanitor 08,1007,3,2,36,212,31,-181,Level A
656,,Leonidovich 08,963,5,3,29,206,24,-182,Level A
657,,bongocat 08,839,5,2,60,221,38,-183,Level A
658,,HareBrain 09,1001,15,8,286,210,27,-183,Level B
659,,jaydottaylor 09,1114,2,2,71,210,27,-183,Level A
660,,Plainzero 09,847,2,0,22,206,23,-183,Level C
661,,sxsonar 09,987,1,1,26,211,27,-184,Level A
662,,whitestarrnyc 08,959,1,0,22,207,23,-184,Level A
663,,Awais 09,989,7,6,55,218,33,-185,Level A
664,,laksen 08,935,5,1.5,39,216,31,-185,Level A
665,,sspcleber 08,1066,13,6.5,183,216,31,-185,Level A
666,,zqnzt 09,849,10,7,158,212,27,-185,Level B
667,,Contranigma 09,891,3,1,52,200,15,-185,Level A
668,,Traenexx 09,833,11,3.5,164,215,29,-186,Level A
669,,Chuckccac 08,1095,1,1,29,214,28,-186,Level A
670,,cjmaeder 09,754,1,1,22,213,27,-186,Level A
671,,WhiteSide 08,807,9,6.5,108,212,26,-186,Level A
672,,gobemouche 09,993,37,13,480,212,26,-186,Level A
673,,fishmasters 09,819,7,4,119,210,24,-186,Level A
674,,powerpass 09,968,1,1,6,237,50,-187,Level A
675,,philsolness 08,911,1,0,7,230,43,-187,Level A
676,,fattylumpkin 08,1083,1,1,21,225,38,-187,Level A
677,,darumsdad 08,1159,1,0,25,223,36,-187,Level A
678,,vincentkellner 09,940,2,2,22,219,32,-187,Level A
679,,MohanGH 08,1069,3,2,107,217,30,-187,Level A
680,,tfrio 08,959,17,6,234,220,32,-188,Level A
681,,vetteboy 08,944,24,9,453,211,23,-188,Level A
682,,arifabesha 08,1039,1,0,21,207,19,-188,Level A
683,,JedTed 09,1099,2,2,36,205,17,-188,Level A
684,,sitkaak 09,892,1,1,3,188,0,-188,Level A
685,,drewblastoff 09,1007,2,2,34,213,24,-189,Level A
686,,Tyranth 09,1068,3,2,29,213,24,-189,Level A
687,,pendaggie 09,868,7,1,69,212,23,-189,Level A
688,,SimonDedalus 09,1061,1,1,34,204,15,-189,Level A
689,,craigzooka 08,1073,2,1,13,197,8,-189,Level A
690,,KingzKill 09,1072,1,0,14,226,36,-190,Level A
691,,GoGoYubari 09,998,19,12,217,221,31,-190,Level A
692,,Artmachine 08,1003,7,5,70,216,26,-190,Level A
693,,lowandbehold 09,904,14,10.5,138,227,36,-191,Level A
694,,Loran 9-9,767,3,2,24,224,33,-191,Level A
695,,vulturemort 08,964,1,1,19,223,32,-191,Level A
696,,dahuigou 09,706,5,1.5,133,220,29,-191,Level A
697,,jasonsonly 08,881,8,2.5,187,218,27,-191,Level A
698,,Hazardo 09,913,78,40,712,223,31,-192,Level A
699,,fishmasters 08,917,2,0,43,211,19,-192,Level A
700,,ZnBangash 09,1143,1,1,18,209,17,-192,Level A
701,,twobacca 09,1003,1,0,13,207,15,-192,Level A
702,,Benly 08,905,1,1,3,192,0,-192,Level A
703,,Booyens 09,1018,15,6,188,221,28,-193,Level A
704,,yackal 08,1036,6,3,50,217,24,-193,Level A
705,,ktinfl 09,998,25,8.5,284,217,24,-193,Level A
706,,Skribble 08,841,3,3,36,212,19,-193,Level A
707,,planetchess 09,1239,1,1,7,237,43,-194,Level A
708,,Aeroplanes 08,1036,1,1,18,233,39,-194,Level A
709,,Sinickas 08,953,2,1,24,232,38,-194,Level A
710,,badstep 09,988,22,13.5,181,225,31,-194,Level A
711,,LDopa 08,987,8,2.5,104,212,18,-194,Level A
712,,Rastaluke 09,868,11,0,113,222,27,-195,Level B
713,,calexander 09,979,1,1,5,215,20,-195,Level A
714,,cinex 08,1048,1,0,20,226,30,-196,Level A
715,,headroad 08,1089,1,1,21,225,29,-196,Level A
716,,rylruler 09,957,2,0,48,225,29,-196,Level A
717,,lbwest 08,865,1,0,63,225,29,-196,Level A
718,,bennywalsh 09,1047,2,2,29,213,17,-196,Level A
719,,Uncrowned 09,848,3,2,10,196,0,-196,Level A
720,,DaveMiddled 08,989,14,3,171,227,30,-197,Level A
721,,zqnzt 08,888,8,2.5,127,224,27,-197,Level A
722,,paperchasdvincent 09,1043,2,1,10,238,40,-198,Level A
723,,MikEms 09,885,3,2,35,235,37,-198,Level A
724,,vawaverunner 09,1018,1,0,22,225,27,-198,Level A
725,,Jia 09,1142,6,2,54,224,24,-200,Level A
726,,johnsacko 08,995,26,10.5,333,225,24,-201,Level B
727,,onexdata 09,979,2,1,13,224,23,-201,Level A
728,,southerncastle 09,1046,1,1,4,252,50,-202,Level B
729,,shailen 09,947,1,1,11,238,36,-202,Level B
730,,brickell 09,946,3,1.5,59,234,32,-202,Level A
731,,nicholasjanssen 09,988,1,0.5,23,228,26,-202,Level A
732,,Hempnotic 09,997,1,0,19,223,21,-202,Level B
733,,Damppu 08,987,1,0,10,222,20,-202,Level A
734,,LKD 08,1100,1,0,7,232,29,-203,Level A
735,,vcrazy 09,1189,1,0,25,231,28,-203,Level A
736,,jhnd 08,879,3,0,66,230,27,-203,Level A
737,,chessup 08,1077,3,1,46,225,22,-203,Level A
738,,owzat 09,928,4,4,40,239,35,-204,Level A
739,,richess 08,922,9,3.5,94,236,32,-204,Level B
740,,Demolishor 09,1056,5,1,39,232,28,-204,Level A
741,,Crashinator 08,825,30,6.5,112,231,27,-204,Level A
742,,avorenus 08,967,1,0,24,229,25,-204,Level A
743,,svenolof 08,1074,1,0,28,225,21,-204,Level A
744,,saipanislandboy 09,942,9,0,80,222,18,-204,Level A
745,,LaurentDelaon 09,1100,11,8,96,237,32,-205,Level B
746,,bandicot 08,942,10,1,205,232,27,-205,Level A
747,,whowant 09,1053,11,10,95,232,27,-205,Level A
748,,Lovesin 09,1142,1,0,4,230,25,-205,Level A
749,,lucasdawn 09,872,2,0,12,239,33,-206,Level A
750,,lousychess 09,1094,2,2,19,227,21,-206,Level A
751,,chmpf 9-9,926,7,7,43,240,33,-207,Level B
752,,ElectronTheory 09,1153,5,3.5,79,236,29,-207,Level A
753,,gaangster 09,1111,1,0,19,233,26,-207,Level A
754,,kiwa 08,1006,3,1,40,227,20,-207,Level A
755,,wackum 08,986,1,1,14,207,0,-207,Level A
756,,deeprince 09,872,6,2,68,239,31,-208,Level A
757,,dewie 09,1065,1,1,13,239,31,-208,Level A
758,,kodra 08,1010,1,0,14,229,21,-208,Level A
759,,viqous 08,1024,6,3,33,239,30,-209,Level A
760,,BrunoPereira 08,982,6,4,92,239,30,-209,Level A
761,,hautefoxx 09,836,4,1.5,66,238,29,-209,Level A
762,,simmito 08,983,23,8.5,340,235,26,-209,Level A
763,,zhouzhou 08,934,3,1,41,233,24,-209,Level A
764,,Zhoss 08,1083,1,1,12,243,33,-210,Level A
765,,colonelcam 08,1039,4,1,17,228,18,-210,Level A
766,,minhhuan 09,1027,1,0,45,229,18,-211,Level A
767,,JHennessey 09,1208,1,1,3,211,0,-211,Level A
768,,agfa 09,1049,1,0,9,245,33,-212,Level A
769,,Kleppi 09,1034,1,0,8,237,25,-212,Level A
770,,KarimNicho 08,864,4,2,58,234,22,-212,Level A
771,,sccoach 09,1096,10,6,68,245,32,-213,Level B
772,,bgilby 09,1043,1,0,29,244,31,-213,Level A
773,,brainllama 08,922,7,3,64,240,27,-213,Level A
774,,kinkobel 09,1038,1,0.5,32,222,9,-213,Level B
775,,jasonmyerss 08,885,3,1,65,248,34,-214,Level A
776,,ironwutang 09,999,22,3,55,245,31,-214,Level B
777,,vishavnathan 08,1092,3,0,44,237,23,-214,Level A
778,,ddleale 08,1094,1,0,13,222,8,-214,Level A
779,,LaurentDelaon 08,1061,22,17,213,242,27,-215,Level A
780,,ilovepie 08,934,4,1,63,240,25,-215,Level A
781,,SviSe 08,889,2,0,12,240,25,-215,Level B
782,,Silias 08,1040,2,0.5,13,238,23,-215,Level A
783,,OttoTheDog 09,1019,1,1,16,234,19,-215,Level A
784,,LeyZ 9-9,826,1,1,16,234,19,-215,Level A
785,,maraman 09,998,1,0,7,229,14,-215,Level A
786,,BTX 09,1029,1,0,12,223,8,-215,Level B
787,,beijingchina 09,969,1,1,8,254,38,-216,Level A
788,,chmpf 09,966,26,15,330,244,28,-216,Level B
789,,Malfunction 09,1081,2,1,24,241,25,-216,Level A
790,,rockyspirit 08,898,2,0,51,240,24,-216,Level A
791,,dubaddict 09,893,10,2,76,240,24,-216,Level A
792,,WillSmith 09,928,1,0,8,229,13,-216,Level B
793,,billington 08,1009,1,1,11,253,36,-217,Level A
794,,Bhunt 09,1091,19,10,297,241,24,-217,Level A
795,,IrishRottie 09,990,3,1,57,238,21,-217,Level A
796,,Yokain 08,990,1,0,15,230,13,-217,Level A
797,,pendaggie 08,1024,6,1,49,249,31,-218,Level A
798,,checkraiseallin 09,896,4,1,66,244,26,-218,Level A
799,,japhet 09,1056,22,17.5,217,249,30,-219,Level A
800,,FollyFrog 08,894,5,1.5,97,240,21,-219,Level A
801,,jarnaud 09,1076,3,2,18,236,17,-219,Level A
802,,pmineiro 08,847,10,3.5,103,238,18,-220,Level A
803,,PatatZonder 09,1132,1,1,12,237,17,-220,Level A
804,,waxmatiwaxmati 08,996,3,2,13,228,8,-220,Level A
805,,mikelee 08,1057,1,1,22,257,36,-221,Level A
806,,IanRemsen 09,1085,2,0.5,21,245,24,-221,Level A
807,,ZfromDtownCO 09,1110,1,0,19,242,21,-221,Level A
808,,lesterjack 08,932,1,0,10,241,20,-221,Level A
809,,pachenko 09,971,1,0,2,221,0,-221,Level A
810,,JBWALKER 09,967,2,2,15,250,27,-223,Level B
811,,lauraT 08,1087,1,1,22,251,27,-224,Level A
812,,kevincollins 09,1005,1,1,16,249,25,-224,Level A
813,,alonsofer 09,945,1,1,11,233,9,-224,Level A
814,,ssubjinski 08,1031,1,1,2,224,0,-224,Level B
815,,jaelaw 08,807,1,0,22,252,27,-225,Level A
816,,SkyMeadow 09,957,32,15,375,250,25,-225,Level A
817,,Baro 08,1090,1,0,32,250,25,-225,Level A
818,,ManWhoKilledDeer 09,854,2,0,37,247,22,-225,Level A
819,,PABOY 08,850,16,4.5,197,251,25,-226,Level A
820,,gforced 08,878,12,5.5,111,247,21,-226,Level A
821,,masif 09,922,2,0,14,240,14,-226,Level A
822,,aussiebattler 08,951,2,1,28,259,32,-227,Level A
823,,graphiboy 09,1023,3,2,42,251,24,-227,Level A
824,,sharpempathy 08,1067,1,0.5,19,249,21,-228,Level A
825,,badbadman 08,1025,1,0,19,244,16,-228,Level A
826,,Enato 09,1107,1,1,19,233,5,-228,Level A
827,,mikemandrake 08,951,1,1,9,262,33,-229,Level A
828,,PauloZanol 08,952,8,3,157,257,28,-229,Level A
829,,lowball 08,928,7,2,71,254,25,-229,Level A
830,,JPUng 08,986,3,1,34,253,24,-229,Level A
831,,onomatopeia 09,1066,3,3,37,245,16,-229,Level A
832,,prodigiousbusines 08,1039,2,1,28,262,32,-230,Level A
833,,majesticmagix 09,1101,1,0,19,256,26,-230,Level A
834,,Hurricaine 08,985,8,5,155,255,25,-230,Level A
835,,caskakacastro 09,935,1,0,17,260,29,-231,Level A
836,,awen 09,883,10,4,85,259,28,-231,Level A
837,,Adolar 09,1023,10,4,157,256,25,-231,Level A
838,,shahidul 08,1133,2,0.5,23,248,17,-231,Level A
839,,pinkbunny 09,931,34,12,336,262,30,-232,Level A
840,,qpn 08,1070,1,0,22,259,27,-232,Level A
841,,thefourthhorseman 09,990,1,0,11,259,27,-232,Level B
842,,SchwarzeKatze 08,852,7,2,102,256,24,-232,Level A
843,,vetteboy 09,920,10,7,140,252,20,-232,Level A
844,,pmineiro 09,888,5,3.5,47,251,19,-232,Level A
845,,NPAV 08,1103,1,1,20,263,30,-233,Level A
846,,gfransp 08,928,2,0,30,246,13,-233,Level A
847,,Konta 09,1081,1,1,8,246,13,-233,Level A
848,,Mels 09,904,8,3,76,263,29,-234,Level A
849,,mjwadams 08,1020,2,1,41,253,19,-234,Level A
850,,madjoe 08,911,3,1,50,250,16,-234,Level A
851,,zhouzhaowu 9-9,821,2,2,25,238,4,-234,Level A
852,,kybrai 09,891,21,4.5,206,261,26,-235,Level A
853,,sospo 09,1034,1,0,10,255,20,-235,Level A
854,,Liisa 08,984,1,0,5,255,20,-235,Level A
855,,MishaG 09,915,1,0,10,235,0,-235,Level A
856,,xDieInAFirex 09,901,17,0.5,212,258,22,-236,Level A
857,,Limzaroth 09,936,3,1,37,252,16,-236,Level B
858,,ginjaninja 09,1052,2,2,9,270,33,-237,Level A
859,,markhodges 09,1137,5,3,108,261,24,-237,Level A
860,,BillMac 09,997,2,2,9,271,33,-238,Level A
861,,ukpfc 09,866,5,0,24,259,21,-238,Level A
862,,WhiteWarrior 08,929,7,1.5,102,253,15,-238,Level A
863,,mawhin 09,942,1,0,9,249,11,-238,Level A
864,,DINOCO 9-9,781,1,1,20,243,5,-238,Level A
865,,Atlante 08,934,7,1,25,259,20,-239,Level A
866,,cristidumitru 09,1240,1,1,5,259,20,-239,Level A
867,,Killerhoernchen 09,1147,3,1,32,258,19,-239,Level A
868,,sarabande 08,1147,1,0,23,275,35,-240,Level A
869,,MianMy 08,1020,5,3,42,266,26,-240,Level A
870,,Yanulya 09,1001,1,0,13,263,23,-240,Level A
871,,RandyMc 08,911,3,0,57,258,18,-240,Level A
872,,Giulietta 09,1017,1,0,20,255,15,-240,Level A
873,,ivebeenabducted 09,995,1,1,22,254,14,-240,Level A
874,,bondu 08,1128,1,0,2,240,0,-240,Level A
875,,TacticalDiligence 09,1053,1,0.5,20,267,25,-242,Level A
876,,Crashinator 09,782,33,6,302,265,23,-242,Level A
877,,MasterBelch 09,975,4,1,60,260,18,-242,Level A
878,,QuantumMystic 09,987,1,0,10,253,10,-243,Level A
879,,ChessterQKnightly 09,1111,1,0,15,277,33,-244,Level A
880,,IOOOOOWelcomesWeb 09,1016,2,1,33,271,27,-244,Level A
881,,niCeMoovez 09,907,9,3,86,266,22,-244,Level A
882,,Ephphatha 08,979,1,1,13,259,15,-244,Level A
883,,osymo 08,1037,2,2,14,258,14,-244,Level A
884,,SoloBaric 09,931,1,1,40,273,28,-245,Level A
885,,Avisharv 09,1020,7,5,94,267,22,-245,Level A
886,,gaiberner 08,1123,1,1,17,263,18,-245,Level A
887,,Boofstrini 09,929,1,0,11,254,9,-245,Level A
888,,mupdegrove 08,1022,1,0.5,10,266,20,-246,Level A
889,,SvartTorn 08,1142,1,0,22,275,27,-248,Level A
890,,chrisreeh 08,1050,1,1,31,274,26,-248,Level A
891,,ckchessmaster 08,1107,1,0,32,273,25,-248,Level A
892,,paire 09,1228,30,28,284,270,22,-248,Level A
893,,nerdzrool 08,843,3,0,22,262,14,-248,Level A
894,,Azerath 09,907,2,0,18,254,6,-248,Level A
895,,NaraShikamaru 08,953,9,1.5,110,276,26,-250,Level A
896,,hippyman 09,905,20,6,256,276,26,-250,Level A
897,,wontonguy 08,1112,1,1,64,269,19,-250,Level A
898,,mmjchess 09,923,10,3,59,279,27,-252,Level B
899,,nathy 09,954,181,22.5,1860,274,22,-252,Level A
900,,ifuwurarabitidnmu 09,1054,3,2.5,59,272,20,-252,Level A
901,,SanderDee 08,1000,3,1,56,282,29,-253,Level A
902,,IsoraGaby 08,908,1,1,10,263,10,-253,Level A
903,,Khotaa 09,885,2,0,9,287,33,-254,Level A
904,,dahuigou 9-9,685,7,3,108,283,29,-254,Level A
905,,Loran 09,912,72,5.5,599,273,19,-254,Level A
906,,openmyeyes 09,1041,1,1,10,265,10,-255,Level A
907,,getit 09,1010,4,4,28,278,21,-257,Level A
908,,Shagmaster 08,1032,3,0,7,271,14,-257,Level A
909,,Mnika 09,991,1,1,17,293,35,-258,Level A
910,,mariosaga 08,917,13,3.5,155,281,23,-258,Level A
911,,EvilQueen 09,958,6,6,85,278,20,-258,Level A
912,,projectlife 09,973,1,0,17,276,18,-258,Level A
913,,leobrazer 08,963,2,0,20,289,30,-259,Level B
914,,tkfmffmdml 09,949,1,0,4,284,25,-259,Level A
915,,joulu 09,916,3,1,31,278,19,-259,Level A
916,,Mrachni 09,1040,1,0,22,277,18,-259,Level A
917,,ZAMMA 09,1021,1,1,31,279,19,-260,Level A
918,,volodymyrrudyj 09,1067,1,0,9,294,33,-261,Level A
919,,GeorgiaCohen 09,803,2,0.5,32,280,19,-261,Level A
920,,maravich 08,996,1,0,13,285,23,-262,Level A
921,,chokefetuschoke 09,910,6,2.5,100,284,21,-263,Level A
922,,chessrazz 08,1065,1,0,13,287,23,-264,Level A
923,,LucasKerberHara 09,1018,2,0,9,275,11,-264,Level A
924,,savis 08,1067,1,0,10,274,10,-264,Level A
925,,poos 08,927,2,0,30,305,40,-265,Level A
926,,gerassi 08,996,1,1,24,286,21,-265,Level A
927,,flpcosta 08,1133,1,0,5,286,20,-266,Level A
928,,terminatordude 09,1034,1,0,6,283,17,-266,Level A
929,,BDJ 08,1183,1,0,16,279,13,-266,Level B
930,,SGTMAJUSMC 08,877,7,2,27,286,19,-267,Level A
931,,pokerfish 09,1018,1,0,20,282,15,-267,Level A
932,,tanimachi 09,1057,4,3,36,275,8,-267,Level A
933,,titusm 09,770,1,0,16,299,31,-268,Level B
934,,SKUMARKOPPALA 08,959,1,0,10,288,20,-268,Level A
935,,Doragon 08,967,1,0,17,286,18,-268,Level A
936,,Dreamlight 08,999,4,2,19,279,11,-268,Level A
937,,mclaro 09,1047,1,0,13,268,0,-268,Level A
938,,DrillOp 09,960,2,1,17,298,29,-269,Level A
939,,tangelo 09,934,4,0,70,291,21,-270,Level A
940,,kanghyun 08,1008,1,0,12,278,8,-270,Level A
941,,elnekave 09,989,9,2,55,296,25,-271,Level A
942,,RyanBall 09,1071,3,3,60,294,22,-272,Level A
943,,Knighter 9-9,894,2,2,34,287,15,-272,Level A
944,,Crashinator 9-9,843,7,4,113,305,31,-274,Level A
945,,andrewinlongstone 09,903,1,1,4,274,0,-274,Level B
946,,kwe 09,1036,2,1,20,305,30,-275,Level B
947,,gorkietalkie 09,1100,1,1,31,304,29,-275,Level A
948,,MELUCHA 08,1131,1,1,19,308,32,-276,Level A
949,,uetuseuu 09,1019,4,1,42,308,31,-277,Level B
950,,mrmackenfan 09,849,3,0.5,21,287,10,-277,Level A
951,,CHESSDONK 08,954,3,1,13,309,31,-278,Level A
952,,beatleeleven 09,998,2,0,23,304,26,-278,Level A
953,,salius 08,1020,4,0,49,301,22,-279,Level A
954,,fjjvh 9-9,685,10,0,79,296,16,-280,Level A
955,,HawkX 08,1030,1,0,10,302,20,-282,Level A
956,,DarthDaviz 09,1005,2,1,9,318,33,-285,Level A
957,,jatwfn 09,1031,64,58.5,804,302,17,-285,Level A
958,,Dconneen 09,937,3,1,15,314,27,-287,Level A
959,,lancearmstrong 09,988,2,0,16,312,25,-287,Level A
960,,Ifex 09,981,3,1,46,309,22,-287,Level A
961,,LavAzza 09,874,4,1,60,309,22,-287,Level A
962,,RamHammer 09,1081,1,0,5,307,20,-287,Level A
963,,bdbailey 08,917,2,0,19,303,16,-287,Level A
964,,Jayrec 08,981,1,0,47,305,17,-288,Level A
965,,chadmhall 08,990,2,0,20,303,15,-288,Level B
966,,Quien 09,942,7,2,50,308,18,-290,Level A
967,,louiswei 9-9,800,1,0,21,300,10,-290,Level A
968,,RICHARDEUR 08,1063,1,1,17,320,29,-291,Level A
969,,jacobsthedog 08,997,1,0,6,309,17,-292,Level A
970,,chrcoluk 09,868,1,0,13,333,39,-294,Level A
971,,Laskerson 09,1031,1,1,17,319,24,-295,Level A
972,,zhoujin 08,963,4,1,9,317,22,-295,Level A
973,,btbkorg 09,869,2,0,6,330,33,-297,Level A
974,,ippat 08,1013,3,2,19,313,16,-297,Level A
975,,kigger 08,938,1,0,7,341,43,-298,Level A
976,,DDJ 08,978,2,1,16,298,0,-298,Level A
977,,guisbi 09,965,2,1,35,328,29,-299,Level A
978,,fargeklatt 09,1049,10,2,67,323,24,-299,Level A
979,,chakmo 09,947,3,2,56,329,29,-300,Level A
980,,marearoja 08,896,6,2,72,334,32,-302,Level A
981,,Klewein 08,925,1,0,10,322,20,-302,Level A
982,,cweatherbe 09,1020,1,0,18,332,28,-304,Level A
983,,bougie 09,1193,1,1,3,306,0,-306,Level A
984,,BrootFaus 09,1003,2,1,28,336,29,-307,Level A
985,,DumbRedNeck 09,866,1,0,4,332,25,-307,Level A
986,,LibertasProVita 08,1034,1,0,17,326,18,-308,Level B
987,,EdSleazy 09,1046,1,1,12,326,17,-309,Level A
988,,Amarande 09,1033,1,0,26,333,23,-310,Level B
989,,wolfmoon 08,988,1,1,28,324,14,-310,Level A
990,,Devdan 08,966,2,0,7,310,0,-310,Level A
991,,MementoMoriAB 08,983,1,1,39,332,21,-311,Level A
992,,mateone 08,988,2,1,18,328,17,-311,Level A
993,,sekulla 09,958,10,1,43,328,16,-312,Level A
994,,Roquinho 09,1010,1,0,5,312,0,-312,Level A
995,,Caduceus 08,1061,2,2,31,344,29,-315,Level A
996,,Soilwork 09,916,4,2,28,336,21,-315,Level A
997,,youwereromeo 09,898,1,0,5,335,20,-315,Level A
998,,brntout 09,947,5,0,33,340,24,-316,Level A
999,,smaiurana 08,916,1,0,9,316,0,-316,Level A
1000,,licolo 08,1096,1,0,16,342,25,-317,Level A
1001,,TheSexyKid 08,1048,1,1,16,333,13,-320,Level A
1002,,nathy 9-9,752,2,0,29,342,21,-321,Level A
1003,,duesse 09,920,3,0,32,337,16,-321,Level A
1004,,TooFar 09,1224,1,1,9,333,11,-322,Level A
1005,,Musclorman 09,927,3,1.5,38,348,24,-324,Level A
1006,,DumbRedNeck 9-9,731,3,1,33,342,18,-324,Level A
1007,,Kyujoo 08,910,1,0,6,341,17,-324,Level A
1008,,corrosiv 09,972,2,2,29,346,21,-325,Level A
1009,,Muskivaari 09,771,1,0,5,325,0,-325,Level A
1010,,TheRedSkin 09,964,3,2,13,366,39,-327,Level A
1011,,dadoc 09,965,1,0,16,353,25,-328,Level A
1012,,telepathetic 09,1000,1,0,17,349,18,-331,Level A
1013,,salona 09,1023,1,0,7,331,0,-331,Level A
1014,,HogODeath 9-9,720,1,1,19,353,21,-332,Level A
1015,,oszkari 09,1080,3,3,3,333,0,-333,Level A
1016,,Lelouchshinji 09,869,2,0,12,367,33,-334,Level A
1017,,weshoward 09,886,3,2,39,354,18,-336,Level A
1018,,fjjvh 09,724,154,14.5,1924,352,16,-336,Level A
1019,,EgyVoltron 09,1163,1,0,13,368,31,-337,Level A
1020,,chadsmith 09,1043,2,1,9,337,0,-337,Level A
1021,,sdormeus 08,1065,2,0,30,365,27,-338,Level A
1022,,berthusganja 09,1081,1,1,22,371,32,-339,Level A
1023,,LordJesus 08,1007,1,1,5,343,0,-343,Level A
1024,,ChessWurgen 08,968,4,0,31,380,35,-345,Level A
1025,,ACECAKER 09,987,1,0,15,359,13,-346,Level A
1026,,thechrisfactor 09,1091,1,0,12,380,33,-347,Level A
1027,,Kitanopp 08,955,2,0,9,359,11,-348,Level A
1028,,frankpid 08,912,6,1,75,370,21,-349,Level A
1029,,FishyRats 08,1109,1,0,19,362,11,-351,Level A
1030,,Whipsnapper 08,961,5,3,34,376,24,-352,Level A
1031,,gnavarro 08,1005,1,1,18,358,6,-352,Level A
1032,,aresquibel 08,844,2,0,22,367,14,-353,Level A
1033,,nottwoday 08,1095,3,1.5,82,377,21,-356,Level A
1034,,KINGRICH 08,977,3,3,4,407,50,-357,Level A
1035,,WildHogSM 08,868,2,1,15,377,20,-357,Level A
1036,,TheDancingQueen 09,929,10,0,99,369,12,-357,Level A
1037,,candries 09,1042,1,1,5,378,20,-358,Level A
1038,,Bmoresoldier 09,966,3,0,52,376,17,-359,Level A
1039,,colinman 08,989,1,0,7,373,14,-359,Level A
1040,,scosta 09,936,2,1,18,370,11,-359,Level A
1041,,TJPOT 08,1149,1,1,3,359,0,-359,Level A
1042,,natenael 09,835,1,0,19,359,0,-359,Level A
1043,,Baskoot 09,850,1,1,5,359,0,-359,Level A
1044,,caga 09,1255,4,4,9,385,22,-363,Level A
1045,,groberts 09,972,1,0,4,367,0,-367,Level A
1046,,NomadicEntropy 09,873,3,0,24,385,17,-368,Level A
1047,,Edhellond 08,879,1,1,1,372,0,-372,Level A
1048,,petitwinnie 09,1064,2,0.5,20,388,15,-373,Level A
1049,,dahuigou 08,1207,12,1,9,374,0,-374,Level A
1050,,Ezeled 09,1027,1,0,4,381,0,-381,Level A
1051,,DoobieBros 08,796,5,0,2,383,0,-383,Level A
1052,,mudbog 09,1115,1,0,14,407,21,-386,Level A
1053,,llyka 09,1019,1,1,2,387,0,-387,Level A
1054,,alexmaxflo 08,950,1,1,5,388,0,-388,Level A
1055,,Zinkosa 08,1017,1,1,4,388,0,-388,Level A
1056,,farofero 09,999,1,0,16,402,13,-389,Level B
1057,,ghjdidi 08,1027,1,1,1,391,0,-391,Level A
1058,,TheBlack 09,923,1,0,5,398,0,-398,Level A
1059,,kanderson 08,943,2,0,7,402,0,-402,Level A
1060,,hamaa 09,952,1,0.5,25,424,20,-404,Level A
1061,,RiverStyx 09,891,2,1,9,415,11,-404,Level A
1062,,BattlerV 09,870,1,0,5,429,20,-409,Level A
1063,,lucasdawn 08,1055,1,0,7,431,14,-417,Level A
1064,,BeRelax 09,1030,1,1,6,420,0,-420,Level A
1065,,WhateverAndStuf 09,991,1,0.5,9,446,22,-424,Level A
1066,,greenqueenbrasil 9-9,823,1,0,22,429,5,-424,Level A
1067,,hebrewbrain 08,833,1,1,7,441,14,-427,Level A
1068,,zoodoo 08,824,4,0,7,445,14,-431,Level A
1069,,Devekut 09,985,1,0,16,445,13,-432,Level A
1070,,loyadrummer 09,968,2,0,9,432,0,-432,Level A
1071,,jajajajames 09,965,1,1,7,462,14,-448,Level A
1072,,angcuz 08,1195,1,1,3,453,0,-453,Level A
1073,,dcook 08,844,1,0.5,11,453,0,-453,Level A
1074,,SviSe 09,831,1,0,17,487,12,-475,Level A
1075,,zhouzhaowu 09,933,1,0,9,475,0,-475,Level A
1076,,imapawn 08,877,1,0,3,499,0,-499,Level B
1077,,TimoK 08,900,1,1,16,528,25,-503,Level B
1078,,brkbts 09,929,1,1,1,504,0,-504,Level B
1079,,AJLee 08,990,1,1,9,530,11,-519,Level A
1080,,Dancinchess 08,939,1,0,10,531,0,-531,Level A
1081,,lucasbach 09,985,1,1,1,538,0,-538,Level A
1082,,francod 08,895,4,3,2,559,0,-559,Level A
1083,,KingDylan 09,878,1,0.5,2,559,0,-559,Level A
1084,,Morfie 09,929,1,0,3,579,0,-579,Level A
1085,,bthies 08,957,1,0,1,591,0,-591,Level A
1086,,Juveosama 08,877,1,0,2,591,0,-591,Level A
1087,,greghyde 08,805,2,0,10,631,20,-611,Level A
1088,,adrianphan 09,1091,1,1,1,694,0,-694,Level A
1089,,aivilo 09,910,1,0,1,707,0,-707,Level A
1090,,smithomas 09,1074,1,1,1,995,0,-995,Level A
1091,,fektija 08,900,3,3,1,0,100,-1000,Level A
1092,,SvartTorn 09,1077,2,2,2,0,100,-1000,Level A
1093,,GlebKalmykov 09,1120,1,1,2,0,100,-1000,Level A
1094,,KanedaTetsuo 09,872,1,1,1,0,100,-1000,Level A
1095,,TylerLemay 09,941,1,1,1,0,100,-1000,Level A
1096,,AamirP 09,991,2,0,1,0,100,-1000,Level A
1097,,Saldeeznuts 09,1142,2,2,1,0,100,-1000,Level A
1098,,gbchess 09,1103,1,1,1,0,100,-1000,Level A
1099,,kidmaxx 09,1100,1,0,1,0,100,-1000,Level A
1100,,wwodballs 09,908,1,1,3,0,100,-1000,Level A
1101,,hdemunck 09,952,1,1,1,0,100,-1000,Level B
1102,,PhillyBoi 09,1090,1,1,1,0,100,-1000,Level A
1103,,arsalanbaig 08,1079,1,1,7,0,100,-1000,Level A
1104,,MRNCheckmate 08,932,1,1,1,0,100,-1000,Level A
1105,,Krishnadas 08,834,1,1,1,0,100,-1000,Level A
1106,,easterboy 09,1049,1,0,1,0,100,-1000,Level A
1107,,getpawned 09,1079,1,1,1,0,100,-1000,Level A
1108,,bbrix 09,1035,1,1,2,0,100,-1000,Level A
1109,,oldchessbook 09,1102,1,1,1,0,100,-1000,Level A
1110,,furtom 09,970,1,1,1,0,100,-1000,Level A
1111,,thrashingpat 09,1078,1,0,1,0,100,-1000,Level A
1112,,skillzrfornewbs 08,991,1,1,5,0,80,-1000,Level A
1113,,Fiege 08,884,1,1,2,0,50,-1000,Level A
1114,,RenatheT 08,924,1,0,0,0,0,,Level A
1115,,Mindhack 08,1178,1,0,0,0,0,,Level A
1116,,Flupkes 08,1089,1,1,0,0,0,,Level A
1117,,MaxxxLogan 08,1053,1,1,0,0,0,,Level A
1118,,oakhill 08,1091,1,1,0,0,0,,Level A
1119,,kaue 08,962,2,2,0,0,0,,Level A
1120,,jojosjakk 08,1221,2,2,0,0,0,,Level A
1121,,patrikfimml 08,1292,2,2,0,0,0,,Level A
1122,,joethecoolestman 08,749,1,0,0,0,0,,Level A
1123,,crazyforchess 08,1052,1,1,0,0,0,,Level A
1124,,beringher 08,1116,1,1,0,0,0,,Level A
1125,,ssehcplayer 08,1163,1,1,0,0,0,,Level A
1126,,kkachichess 08,1156,1,1,0,0,0,,Level A
1127,,JHLD 08,1144,1,1,0,0,0,,Level A
1128,,Sharkdude 08,1005,1,0,0,0,0,,Level A
1129,,tuile 08,1151,1,0,0,0,0,,Level A
1130,,skyjumper 08,1074,1,0,0,0,0,,Level A
1131,,calakers 08,1056,2,2,0,0,0,,Level A
1132,,chessofthechess 08,941,1,0,0,0,0,,Level A
1133,,moustaki 08,1161,1,1,0,0,0,,Level A
1134,,prlinka 08,868,7,0,0,0,0,,Level A
1135,,garson 08,971,1,0,0,0,0,,Level A
1136,,gpaterakis 09,971,1,0,0,0,0,,Level A
1137,,FirstOboe 09,1193,1,0,0,0,0,,Level A
1138,,infeccion 09,951,2,1,0,0,0,,Level A
1139,,hiacyntus 09,1146,1,0,0,0,0,,Level A
1140,,fightclutch 09,1138,1,1,0,0,0,,Level A
1141,,WhatWouldJudasDo 09,1135,1,1,0,0,0,,Level A
1142,,Conangla 09,1019,1,1,0,0,0,,Level A
1143,,wontonguy 09,1122,2,2,0,0,0,,Level A
1144,,JohnDRichardson 09,1117,1,0,0,0,0,,Level A
1145,,oakhill 09,1100,1,1,0,0,0,,Level A
1146,,AUtigerAU 09,831,1,1,0,0,0,,Level A
1147,,defbot 09,838,4,3,0,0,0,,Level A
1148,,elhamrai 09,963,9,0,0,0,0,,Level A
1149,,Zenonl 09,1043,1,1,0,0,0,,Level A
1150,,dongwook 09,1161,3,3,0,0,0,,Level A
1151,,IForkedUrMom 09,1038,1,1,0,0,0,,Level A
1152,,javilapalma 09,1092,1,1,0,0,0,,Level A
1153,,davidbolanos 09,1104,1,1,0,0,0,,Level A
1154,,Conwayy 09,1046,1,1,0,0,0,,Level A
1155,,Lloth 09,914,1,1,0,0,0,,Level A
1156,,Sceipo 09,840,1,1,0,0,0,,Level A
1157,,indecisivechessma 09,1046,1,1,0,0,0,,Level A
1158,,gmorgan 09,1125,1,1,0,0,0,,Level A
1159,,ptitnuage 09,1082,1,0,0,0,0,,Level A
1160,,drewantarctic 09,896,1,0,0,0,0,,Level A
1161,,electronf 09,943,1,1,0,0,0,,Level A
1162,,ebazin 09,952,2,0,0,0,0,,Level A
1163,,FREAKNIQUE 09,1025,1,1,0,0,0,,Level A
1164,,tefo 09,1128,1,1,0,0,0,,Level A
1165,,rntjr 09,1188,1,1,0,0,0,,Level A
1166,,ScottJoplin 09,1165,1,1,0,0,0,,Level A
1167,,Arcueid 09,1058,1,1,0,0,0,,Level A
1168,,rakapanji 09,1017,1,0,0,0,0,,Level B
1169,,nottwoday 09,1090,1,1,0,0,0,,Level A
1170,,neoshredder 08,1059,1,1,0,0,0,,Level A
1171,,kthomas 08,994,1,0,0,0,0,,Level A
1172,,Awais 08,1079,1,0,0,0,0,,Level A
1173,,spetrschek 08,1114,1,1,0,0,0,,Level A
1174,,TheChessInnovator 08,1203,1,1,0,0,0,,Level A
1175,,mynameiszach 08,895,1,0,0,0,0,,Level A
1176,,Exsation 08,863,1,0,0,0,0,,Level A
1177,,DjinDjinKa 08,1096,1,1,0,0,0,,Level A
1178,,marasme 08,1137,1,1,0,0,0,,Level A
1179,,bhargavs 08,1053,1,1,0,0,0,,Level B
1180,,ILoseAgainb 08,1160,1,1,0,0,0,,Level A
1181,,ElNigro 08,1121,1,0,0,0,0,,Level B
1182,,ChrisCosta 08,1003,1,1,0,0,0,,Level B
1183,,Drosss 08,1038,1,1,0,0,0,,Level A
1184,,JJMF 08,1165,1,0,0,0,0,,Level A
1185,,SmashBrosBrawl 08,971,1,1,0,0,0,,Level A
1186,,hdiwan 08,1012,1,0.5,0,0,0,,Level A
1187,,magicmusicman 08,1189,1,1,0,0,0,,Level A
1188,,stephenbyers 08,1165,1,1,0,0,0,,Level A
1189,,Kuraudo 08,948,1,0.5,0,0,0,,Level A
1190,,klmnop 08,977,1,0,0,0,0,,Level A
1191,,podlas 08,972,1,1,0,0,0,,Level A
1192,,Bodwrdda 08,1149,1,1,0,0,0,,Level A
1193,,calvingr 08,1024,1,1,0,0,0,,Level A
1194,,chessshaq 09,1175,1,1,0,0,0,,Level A
1195,,BIGKIA 09,977,1,1,0,0,0,,Level A
1196,,wigglemeister 09,956,1,1,0,0,0,,Level A
1197,,orionz 09,1190,1,0,0,0,0,,Level A
1198,,bvlsixten 09,855,1,0,0,0,0,,Level A
1199,,seannigellam 09,1057,1,0,0,0,0,,Level A
1200,,vardarmir 09,1214,1,1,0,0,0,,Level A
1201,,danivo 09,1095,1,1,0,0,0,,Level A
1202,,kingdude 09,1024,1,1,0,0,0,,Level A
1203,,Oohmarkunde 09,1017,1,0,0,0,0,,Level B
1204,,tactras 09,1144,1,1,0,0,0,,Level A
1205,,skitzoblack 09,1038,1,0,0,0,0,,Level A
1206,,lydiadickinson 09,964,1,1,0,0,0,,Level A
1207,,kjyun 09,1022,2,0,0,0,0,,Level A
1208,,zinndave 09,1110,1,1,0,0,0,,Level B
1209,,zobaire 09,1026,1,1,0,0,0,,Level A
1210,,destructomouse 09,1067,1,1,0,0,0,,Level A
1211,,stellarella 09,898,1,0,0,0,0,,Level A
1212,,memphistigerblue 09,839,1,0,0,0,0,,Level A
1213,,Walex 09,879,1,1,0,0,0,,Level A
1214,,nignoLibero 09,923,1,0,0,0,0,,Level A
1215,,jamesdaniel 09,983,1,0,0,0,0,,Level A
1216,,dreamdriven 09,1147,1,0,0,0,0,,Level A
1217,,Pointblankstare 09,913,1,1,0,0,0,,Level A
1218,,DanRatiu 09,1053,1,1,0,0,0,,Level A
1219,,PatuliNois 09,904,1,0,0,0,0,,Level A
1220,,grantme 09,922,1,1,0,0,0,,Level A
1221,,xadrezcaio 09,944,1,0,0,0,0,,Level A
1222,,Murgh 09,956,1,1,0,0,0,,Level A
1223,,Ericko 09,1043,1,0,0,0,0,,Level A
1224,,tripledobleve 09,1016,1,0,0,0,0,,Level A
1225,,otj 09,1167,1,1,0,0,0,,Level A
1226,,HunDavos 09,1148,1,1,0,0,0,,Level B
1227,,LowRatedPlayer 09,1094,1,1,0,0,0,,Level A
1228,,boober 09,1022,1,1,0,0,0,,Level A
1229,,annreynolds 09,920,1,0,0,0,0,,Level A
1230,,rodonia 09,986,1,1,0,0,0,,Level A
1231,,johnnykay 09,853,1,1,0,0,0,,Level A
1232,,trondsve 08,917,1,0,1,1000,0,-1000,Level A
1233,,MasterSchach 08,924,1,0,1,1000,0,-1000,Level B
1234,,vakama 08,907,2,0,1,1000,0,-1000,Level A
1235,,LazyFIDERook 08,876,1,0,1,1000,0,-1000,Level A
1236,,ottoveritas 09,985,1,0,1,1000,0,-1000,Level A
1237,,afrench 09,948,1,1,1,1000,0,-1000,Level A